1, 100000,0.010709100000,12.352290
2, 100000,0.017324100000,7.453819
3, 100000,0.061229100000,4.575219
4, 100000,0.055731100000,6.546757
5, 100000,0.051609100000,6.108577
6, 100000,0.055027100000,5.988429
7, 100000,0.050952100000,7.578640
8, 100000,0.181490100000,6.778390
9, 100000,0.043575100000,7.265573
10, 100000,0.050126100000,7.736347
11, 100000,0.105447100000,5.997908
12, 100000,0.066611100000,6.339919
13, 100000,0.097446100000,7.274734
14, 100000,0.107818100000,6.683966
15, 100000,0.044813100000,4.103814
16, 100000,0.041141100000,3.837131
17, 100000,0.036785100000,3.723141
18, 100000,0.036216100000,3.972289
19, 100000,0.035282100000,3.885118
20, 100000,0.042025100000,4.743063
21, 100000,0.044784100000,3.749330
22, 100000,0.035868100000,4.039355
23, 100000,0.090191100000,5.083686
24, 100000,0.040042100000,4.269479
25, 100000,0.038133100000,3.636703
26, 100000,0.039674100000,5.561165
27, 100000,0.095888100000,10.581267
28, 100000,0.099760100000,7.761563
29, 100000,0.043955100000,13.392531
30, 100000,0.102968100000,6.454599
31, 100000,0.044290100000,3.924326
32, 100000,0.043552100000,3.757107
33, 100000,0.039378100000,3.761520
34, 100000,0.046725100000,3.411176
35, 100000,0.037068100000,3.500406
36, 100000,0.038903100000,3.811708
37, 100000,0.094822100000,4.886784
38, 100000,0.048478100000,3.642741
39, 100000,0.065240100000,3.783484
40, 100000,0.044765100000,5.117326
41, 100000,0.093530100000,4.508121
42, 100000,0.048433100000,3.422031
43, 100000,0.052052100000,3.780964
44, 100000,0.048453100000,4.423403
45, 100000,0.056176100000,4.128681
46, 100000,0.048869100000,3.508794
47, 100000,0.041427100000,3.674172
48, 100000,0.044902100000,3.593512
49, 100000,0.048763100000,3.333983
50, 100000,0.043855100000,3.908752
51, 100000,0.058531100000,3.447281
52, 100000,0.053736100000,3.439536
53, 100000,0.049498100000,3.938751
54, 100000,0.047272100000,3.730710
55, 100000,0.050859100000,3.319473
56, 100000,0.066249100000,3.459020
57, 100000,0.055337100000,3.702758
58, 100000,0.052758100000,3.433868
59, 100000,0.046901100000,3.463927
60, 100000,0.051672100000,4.150309
61, 100000,0.058347100000,4.670981
62, 100000,0.061546100000,6.184980
63, 100000,0.094121100000,6.219467
64, 100000,0.078508100000,6.052253
65, 100000,0.074799100000,6.752646
66, 100000,0.084794100000,8.830181
67, 100000,0.112611100000,9.527008
68, 100000,0.079112100000,6.149259
69, 100000,0.081456100000,7.219644
70, 100000,0.083068100000,9.081503
71, 100000,0.145652100000,9.368503
72, 100000,0.105961100000,7.757898
73, 100000,0.071216100000,8.972260
74, 100000,0.181066100000,8.275056
75, 100000,0.073071100000,8.992057
76, 100000,0.228044100000,9.633600
77, 100000,0.091621100000,9.964225
78, 100000,0.073173100000,10.831260
79, 100000,0.154739100000,10.301726
80, 100000,0.072701100000,8.475990
81, 100000,0.065655100000,10.284275
82, 100000,0.118782100000,9.995839
83, 100000,0.054790100000,7.069846
84, 100000,0.111203100000,6.583974
85, 100000,0.077540100000,5.863532
86, 100000,0.080760100000,6.412601
87, 100000,0.088130100000,7.041591
88, 100000,0.038089100000,4.448357
89, 100000,0.054221100000,6.050572
90, 100000,0.069430100000,4.908090
91, 100000,0.053937100000,5.688264
92, 100000,0.060430100000,3.723029
93, 100000,0.056861100000,3.965066
94, 100000,0.064644100000,4.420946
95, 100000,0.073038100000,5.439037
96, 100000,0.057372100000,3.640802
97, 100000,0.090118100000,5.149271
98, 100000,0.077076100000,6.946717
99, 100000,0.074663100000,4.995020
100, 100000,0.072818100000,4.281624
101, 100000,0.062246100000,5.147272
102, 100000,0.070728100000,3.733739
103, 100000,0.052410100000,4.039020
104, 100000,0.053446100000,3.684032
105, 100000,0.064460100000,3.403337
106, 100000,0.071247100000,4.425285
107, 100000,0.120081100000,5.002531
108, 100000,0.067582100000,5.549973
109, 100000,0.090017100000,6.292989
110, 100000,0.055599100000,4.120636
111, 100000,0.100897100000,4.625776
112, 100000,0.062528100000,3.489240
113, 100000,0.071120100000,4.074166
114, 100000,0.065918100000,4.004230
115, 100000,0.058731100000,4.122449
116, 100000,0.121142100000,4.639507
117, 100000,0.061116100000,3.770358
118, 100000,0.062242100000,3.993825
119, 100000,0.046493100000,4.353073
120, 100000,0.056936100000,4.423774
121, 100000,0.055682100000,4.327890
122, 100000,0.073996100000,4.141472
123, 100000,0.212409100000,4.612397
124, 100000,0.097800100000,4.428223
125, 100000,0.061005100000,4.505239
126, 100000,0.065715100000,4.282414
127, 100000,0.092298100000,4.732118
128, 100000,0.075974100000,3.786673
129, 100000,0.082144100000,4.480800
130, 100000,0.068632100000,5.082270
131, 100000,0.070536100000,5.684130
132, 100000,0.078054100000,5.772903
133, 100000,0.085124100000,5.086736
134, 100000,0.066599100000,4.251605
135, 100000,0.087669100000,5.058216
136, 100000,0.068034100000,4.558015
137, 100000,0.062992100000,4.439955
138, 100000,0.066449100000,4.772848
139, 100000,0.060158100000,4.699168
140, 100000,0.104244100000,4.603446
141, 100000,0.071331100000,5.530145
142, 100000,0.081179100000,5.461304
143, 100000,0.040593100000,4.557548
144, 100000,0.060755100000,5.416036
145, 100000,0.077281100000,5.089967
146, 100000,0.070216100000,4.778925
147, 100000,0.070191100000,4.869579
148, 100000,0.069507100000,4.968453
149, 100000,0.087733100000,4.367210
150, 100000,0.064010100000,4.635605
151, 100000,0.071318100000,3.951051
152, 100000,0.072356100000,5.536403
153, 100000,0.062135100000,3.552802
154, 100000,0.059876100000,5.758885
155, 100000,0.106071100000,6.358060
156, 100000,0.071275100000,5.371909
157, 100000,0.068131100000,5.410267
158, 100000,0.053416100000,4.221551
159, 100000,0.061077100000,3.532533
160, 100000,0.067472100000,4.927725
161, 100000,0.077848100000,5.623346
162, 100000,0.124774100000,6.413362
163, 100000,0.083377100000,5.650885
164, 100000,0.094775100000,5.960659
165, 100000,0.081689100000,4.438701
166, 100000,0.097523100000,5.432343
167, 100000,0.069724100000,4.782392
168, 100000,0.060567100000,4.133825
169, 100000,0.075676100000,4.917069
170, 100000,0.098053100000,4.177502
171, 100000,0.067105100000,3.611212
172, 100000,0.074046100000,4.600982
173, 100000,0.077073100000,4.501049
174, 100000,0.068726100000,4.990854
175, 100000,0.064331100000,4.498704
176, 100000,0.059012100000,4.401706
177, 100000,0.104795100000,4.983940
178, 100000,0.092467100000,4.872956
179, 100000,0.088047100000,4.351501
180, 100000,0.075032100000,3.676446
181, 100000,0.073456100000,4.440572
182, 100000,0.086038100000,4.563983
183, 100000,0.075421100000,4.645941
184, 100000,0.066068100000,4.381579
185, 100000,0.064582100000,4.319182
186, 100000,0.071620100000,3.479760
187, 100000,0.064988100000,4.191725
188, 100000,0.075094100000,4.611779
189, 100000,0.135894100000,4.812853
190, 100000,0.081546100000,4.141079
191, 100000,0.082046100000,4.496978
192, 100000,0.066382100000,4.129116
193, 100000,0.069587100000,4.042529
194, 100000,0.067576100000,4.093032
195, 100000,0.082027100000,4.734601
196, 100000,0.102940100000,4.805472
197, 100000,0.144791100000,4.622417
198, 100000,0.070996100000,3.341945
199, 100000,0.075100100000,3.459164
200, 100000,0.074187100000,3.364349
201, 100000,0.070210100000,3.522182
202, 100000,0.062144100000,3.512803
203, 100000,0.069786100000,5.012202
204, 100000,0.069726100000,5.325228
205, 100000,0.073947100000,3.589177
206, 100000,0.070501100000,3.569430
207, 100000,0.066635100000,6.253514
208, 100000,0.075177100000,4.278310
209, 100000,0.075772100000,7.262651
210, 100000,0.089233100000,7.850682
211, 100000,0.091935100000,5.053036
212, 100000,0.074438100000,6.220845
213, 100000,0.120060100000,9.223106
214, 100000,0.100837100000,6.170910
215, 100000,0.129678100000,6.229933
216, 100000,0.142217100000,6.779537
217, 100000,0.069627100000,6.647487
218, 100000,0.090859100000,5.940441
219, 100000,0.095734100000,6.261973
220, 100000,0.160511100000,7.251552
221, 100000,0.093059100000,5.932228
222, 100000,0.096946100000,5.955287
223, 100000,0.083056100000,5.882419
224, 100000,0.104359100000,5.550290
225, 100000,0.088046100000,5.321043
226, 100000,0.094605100000,5.944570
227, 100000,0.089276100000,6.076667
228, 100000,0.110678100000,5.728139
229, 100000,0.090367100000,6.257091
230, 100000,0.126018100000,5.531599
231, 100000,0.092479100000,5.711189
232, 100000,0.088014100000,6.125069
233, 100000,0.093493100000,7.396754
234, 100000,0.102449100000,5.889990
235, 100000,0.087430100000,5.565226
236, 100000,0.099847100000,5.551230
237, 100000,0.097455100000,5.043293
238, 100000,0.094688100000,5.647090
239, 100000,0.090200100000,5.508604
240, 100000,0.159078100000,5.149974
241, 100000,0.088894100000,5.536919
242, 100000,0.115334100000,8.913018
243, 100000,0.167814100000,7.555699
244, 100000,0.097515100000,5.596304
245, 100000,0.104769100000,9.605028
246, 100000,0.081205100000,5.140206
247, 100000,0.083318100000,3.962107
248, 100000,0.081745100000,3.930371
249, 100000,0.101081100000,3.801678
250, 100000,0.082148100000,4.267819
251, 100000,0.078715100000,3.998029
252, 100000,0.073160100000,3.697779
253, 100000,0.081229100000,4.270348
254, 100000,0.099124100000,8.324500
255, 100000,0.121473100000,8.305790
256, 100000,0.080404100000,4.039969
257, 100000,0.078861100000,9.486177
258, 100000,0.138690100000,10.015952
259, 100000,0.056827100000,9.356086
260, 100000,0.223189100000,13.285004
261, 100000,0.141159100000,5.040128
262, 100000,0.075352100000,5.524798
263, 100000,0.096383100000,3.924350
264, 100000,0.085854100000,4.100153
265, 100000,0.093055100000,4.211496
266, 100000,0.087168100000,4.480966
267, 100000,0.093271100000,4.251540
268, 100000,0.084551100000,4.921659
269, 100000,0.085507100000,4.696577
270, 100000,0.095868100000,4.113694
271, 100000,0.098013100000,4.579256
272, 100000,0.086326100000,4.010756
273, 100000,0.091205100000,4.369915
274, 100000,0.146146100000,3.919744
275, 100000,0.094684100000,4.217664
276, 100000,0.058293100000,4.024797
277, 100000,0.084694100000,4.172492
278, 100000,0.091467100000,3.998046
279, 100000,0.087561100000,4.053014
280, 100000,0.120481100000,4.131043
281, 100000,0.098064100000,4.827723
282, 100000,0.117012100000,4.167920
283, 100000,0.093824100000,3.947720
284, 100000,0.075893100000,4.168380
285, 100000,0.100057100000,4.107275
286, 100000,0.101653100000,4.338615
287, 100000,0.080894100000,4.165782
288, 100000,0.088933100000,5.495387
289, 100000,0.087337100000,5.777057
290, 100000,0.136833100000,5.632622
291, 100000,0.078503100000,4.768150
292, 100000,0.076689100000,3.927734
293, 100000,0.073549100000,3.822805
294, 100000,0.082979100000,3.795593
295, 100000,0.102143100000,4.596375
296, 100000,0.129860100000,4.276118
297, 100000,0.076668100000,4.543771
298, 100000,0.107692100000,4.468137
299, 100000,0.104006100000,3.881961
300, 100000,0.077351100000,4.319042
301, 100000,0.115421100000,4.069905
302, 100000,0.082889100000,3.827988
303, 100000,0.084194100000,3.603156
304, 100000,0.139106100000,3.529068
305, 100000,0.081030100000,3.871107
306, 100000,0.098071100000,3.727070
307, 100000,0.109880100000,3.823817
308, 100000,0.092837100000,4.312138
309, 100000,0.095435100000,4.486439
310, 100000,0.091822100000,4.848679
311, 100000,0.106822100000,6.669196
312, 100000,0.145474100000,9.500825
313, 100000,0.347654100000,17.225334
314, 100000,0.138352100000,10.062497
315, 100000,0.239379100000,9.403600
316, 100000,0.119101100000,13.740961
317, 100000,0.105704100000,15.198399
318, 100000,0.155065100000,15.498920
319, 100000,0.502324100000,19.766078
320, 100000,0.994593100000,10.920597
321, 100000,0.154723100000,10.565759
322, 100000,0.317704100000,11.026240
323, 100000,0.149990100000,9.546428
324, 100000,0.275386100000,9.134373
325, 100000,0.166448100000,10.242027
326, 100000,0.460284100000,11.618048
327, 100000,0.230904100000,9.224242
328, 100000,0.128482100000,9.041689
329, 100000,0.135878100000,10.226740
330, 100000,0.349975100000,14.003357
331, 100000,0.600681100000,11.359132
332, 100000,0.147455100000,10.285944
333, 100000,0.124537100000,9.366074
334, 100000,0.124265100000,8.118499
335, 100000,0.143194100000,5.991919
336, 100000,0.101540100000,5.770491
337, 100000,0.131593100000,5.954798
338, 100000,0.114523100000,5.645875
339, 100000,0.104840100000,8.713060
340, 100000,0.114782100000,8.773983
341, 100000,0.217917100000,6.706570
342, 100000,0.206590100000,5.604984
343, 100000,0.134819100000,8.093518
344, 100000,0.380848100000,6.915953
345, 100000,0.126364100000,6.680078
346, 100000,0.127850100000,6.894778
347, 100000,0.127370100000,15.560742
348, 100000,0.129691100000,7.452417
349, 100000,0.130863100000,6.210934
350, 100000,0.081767100000,6.130208
351, 100000,0.174377100000,5.673053
352, 100000,0.107174100000,6.598019
353, 100000,0.186778100000,5.970835
354, 100000,0.119405100000,9.966748
355, 100000,0.124312100000,6.405984
356, 100000,0.111006100000,6.529465
357, 100000,0.175290100000,8.460687
358, 100000,0.187478100000,8.045785
359, 100000,0.151890100000,7.697623
360, 100000,0.147212100000,7.033321
361, 100000,0.121860100000,6.899818
362, 100000,0.126391100000,7.181918
363, 100000,0.236527100000,6.347964
364, 100000,0.130846100000,6.466313
365, 100000,0.140958100000,6.622880
366, 100000,0.132019100000,5.877507
367, 100000,0.126959100000,6.562462
368, 100000,0.122167100000,7.056669
369, 100000,0.232360100000,6.894662
370, 100000,0.156663100000,6.882466
371, 100000,0.117648100000,6.511885
372, 100000,0.159167100000,6.560662
373, 100000,0.135448100000,6.591747
374, 100000,0.105733100000,6.096721
375, 100000,0.126077100000,6.527448
376, 100000,0.119587100000,6.906962
377, 100000,0.093504100000,6.491579
378, 100000,0.138959100000,6.502201
379, 100000,0.141391100000,6.682872
380, 100000,0.109670100000,6.242575
381, 100000,0.154636100000,7.065990
382, 100000,0.182557100000,7.136444
383, 100000,0.161162100000,6.955254
384, 100000,0.129253100000,6.279112
385, 100000,0.111427100000,6.469027
386, 100000,0.127207100000,6.842445
387, 100000,0.117142100000,6.559090
388, 100000,0.261454100000,10.238054
389, 100000,0.782837100000,14.071481
390, 100000,0.255134100000,14.129167
391, 100000,0.169955100000,12.790814
392, 100000,0.157627100000,12.705982
393, 100000,0.288865100000,13.791210
394, 100000,0.168730100000,11.697490
395, 100000,0.199981100000,12.002341
396, 100000,0.223985100000,12.543345
397, 100000,0.189147100000,12.454390
398, 100000,0.128891100000,11.133468
399, 100000,0.153469100000,11.406793
400, 100000,0.419818100000,12.510748
401, 100000,0.272829100000,13.786308
402, 100000,0.175458100000,11.295099
403, 100000,0.179794100000,12.064924
404, 100000,0.145750100000,12.087792
405, 100000,0.251467100000,11.613789
406, 100000,0.130157100000,11.662037
407, 100000,0.154986100000,12.457643
408, 100000,0.142013100000,11.046251
409, 100000,0.265197100000,12.516827
410, 100000,0.168219100000,12.440541
411, 100000,0.276703100000,14.491160
412, 100000,0.333087100000,18.254660
413, 100000,0.158738100000,13.354382
414, 100000,0.101156100000,5.813561
415, 100000,0.140380100000,5.619797
416, 100000,0.136975100000,5.519827
417, 100000,0.132105100000,5.748732
418, 100000,0.181295100000,5.382162
419, 100000,0.097068100000,9.946091
420, 100000,0.208996100000,12.109902
421, 100000,0.244934100000,11.677124
422, 100000,0.231276100000,9.662660
423, 100000,0.162876100000,9.455175
424, 100000,0.182552100000,11.825901
425, 100000,0.184011100000,10.853027
426, 100000,0.095795100000,8.730850
427, 100000,0.101466100000,8.013413
428, 100000,0.172550100000,7.030442
429, 100000,0.162578100000,8.552924
430, 100000,0.197604100000,9.753860
431, 100000,0.146614100000,9.060503
432, 100000,0.166643100000,8.767122
433, 100000,0.165864100000,8.947618
434, 100000,0.161784100000,8.931833
435, 100000,0.155296100000,10.251814
436, 100000,0.169975100000,10.131359
437, 100000,0.205888100000,8.539845
438, 100000,0.162976100000,8.942388
439, 100000,0.140532100000,11.028289
440, 100000,0.164585100000,10.195856
441, 100000,0.170685100000,10.270289
442, 100000,0.167283100000,10.311007
443, 100000,0.165094100000,9.720086
444, 100000,0.178280100000,17.683768
445, 100000,0.154497100000,10.297412
446, 100000,0.247044100000,11.077101
447, 100000,0.156938100000,9.748954
448, 100000,0.204572100000,11.580456
449, 100000,0.227657100000,9.659867
450, 100000,0.157949100000,9.217919
451, 100000,0.144059100000,9.587501
452, 100000,0.272537100000,11.242259
453, 100000,0.198169100000,6.256666
454, 100000,0.172487100000,4.153624
455, 100000,0.100275100000,4.968094
456, 100000,0.113558100000,5.267243
457, 100000,0.181183100000,7.944024
458, 100000,0.173384100000,7.339702
459, 100000,0.137856100000,5.639653
460, 100000,0.139242100000,5.245791
461, 100000,0.119507100000,7.918973
462, 100000,0.246176100000,10.436961
463, 100000,0.225023100000,11.473888
464, 100000,0.180502100000,9.574767
465, 100000,0.270308100000,7.833160
466, 100000,0.263762100000,8.726565
467, 100000,0.156143100000,8.378308
468, 100000,0.201378100000,7.967754
469, 100000,0.103682100000,6.611553
470, 100000,0.181573100000,7.050746
471, 100000,0.142223100000,7.172293
472, 100000,0.284453100000,7.748438
473, 100000,0.191466100000,5.805970
474, 100000,0.196871100000,5.733551
475, 100000,0.135487100000,5.375456
476, 100000,0.155846100000,6.213952
477, 100000,0.093448100000,5.881970
478, 100000,0.615969100000,6.345429
479, 100000,0.152219100000,9.160238
480, 100000,0.194286100000,7.161377
481, 100000,0.172235100000,6.319893
482, 100000,0.212858100000,4.809694
483, 100000,0.141057100000,5.694611
484, 100000,0.122765100000,5.705959
485, 100000,0.429622100000,7.116596
486, 100000,0.141808100000,7.063092
487, 100000,0.106766100000,6.075665
488, 100000,0.133315100000,7.249361
489, 100000,0.174265100000,5.461281
490, 100000,0.156994100000,5.917726
491, 100000,0.253382100000,5.557211
492, 100000,0.169705100000,5.592887
493, 100000,0.170187100000,5.462519
494, 100000,0.139911100000,5.631285
495, 100000,0.171300100000,5.404906
496, 100000,0.152897100000,5.477352
497, 100000,0.207073100000,5.706037
498, 100000,0.130057100000,5.592226
499, 100000,0.162589100000,8.869365
500, 100000,0.164518100000,10.032603
501, 100000,0.209272100000,14.210239
502, 100000,0.239068100000,7.533468
503, 100000,0.319046100000,8.478268
504, 100000,0.186671100000,8.470018
505, 100000,0.172479100000,9.447831
506, 100000,0.158886100000,20.712953
507, 100000,0.344836100000,16.093205
508, 100000,0.221759100000,11.878417
509, 100000,0.396276100000,12.625616
510, 100000,0.619433100000,12.640793
511, 100000,0.369597100000,12.406706
512, 100000,0.112069100000,8.659456
513, 100000,0.143554100000,7.973870
514, 100000,0.165585100000,7.032779
515, 100000,0.192571100000,7.897841
516, 100000,0.157935100000,7.203210
517, 100000,0.182799100000,8.915584
518, 100000,0.165010100000,8.125669
519, 100000,0.145692100000,8.131058
520, 100000,0.303229100000,7.374180
521, 100000,0.205227100000,11.135537
522, 100000,0.213523100000,9.568226
523, 100000,0.142229100000,7.200873
524, 100000,0.158455100000,7.657872
525, 100000,0.155809100000,6.641583
526, 100000,0.192867100000,6.423908
527, 100000,0.131010100000,6.167386
528, 100000,0.134054100000,5.159310
529, 100000,0.173977100000,9.142707
530, 100000,0.188004100000,6.263109
531, 100000,0.161796100000,5.737443
532, 100000,0.150652100000,5.188547
533, 100000,0.249986100000,6.196871
534, 100000,0.162828100000,5.701689
535, 100000,0.156112100000,5.519390
536, 100000,0.217773100000,5.473707
537, 100000,0.146162100000,5.465483
538, 100000,0.175527100000,5.267865
539, 100000,0.123102100000,5.548417
540, 100000,0.188803100000,7.376062
541, 100000,0.225330100000,7.443972
542, 100000,0.127737100000,6.827648
543, 100000,0.118945100000,6.800316
544, 100000,0.103483100000,7.207839
545, 100000,0.159136100000,6.110598
546, 100000,0.182733100000,5.490325
547, 100000,0.158610100000,6.348283
548, 100000,0.153613100000,5.182893
549, 100000,0.172101100000,5.241457
550, 100000,0.123011100000,5.645486
551, 100000,0.171503100000,5.906863
552, 100000,0.223015100000,5.796136
553, 100000,0.230569100000,5.461546
554, 100000,0.172323100000,5.454915
555, 100000,0.161632100000,6.073894
556, 100000,0.162836100000,5.542426
557, 100000,0.170299100000,5.339314
558, 100000,0.107979100000,5.431833
559, 100000,0.110435100000,5.555038
560, 100000,0.209934100000,5.858558
561, 100000,0.179744100000,5.703079
562, 100000,0.234690100000,5.600804
563, 100000,0.145818100000,5.738377
564, 100000,0.166550100000,5.593771
565, 100000,0.155813100000,5.371672
566, 100000,0.225985100000,5.204366
567, 100000,0.155751100000,5.245352
568, 100000,0.174445100000,5.599863
569, 100000,0.149123100000,6.505967
570, 100000,0.182280100000,5.266366
571, 100000,0.175004100000,8.347358
572, 100000,0.209213100000,8.195417
573, 100000,0.187509100000,5.394286
574, 100000,0.160056100000,5.216136
575, 100000,0.187716100000,5.520965
576, 100000,0.170212100000,5.146041
577, 100000,0.165399100000,5.215606
578, 100000,0.207042100000,5.550300
579, 100000,0.156767100000,5.440880
580, 100000,0.144758100000,5.258514
581, 100000,0.172677100000,5.853181
582, 100000,0.162957100000,5.696524
583, 100000,0.190245100000,5.027802
584, 100000,0.239836100000,5.792096
585, 100000,0.259484100000,5.459977
586, 100000,0.175841100000,5.132482
587, 100000,0.219364100000,5.396941
588, 100000,0.183619100000,5.561208
589, 100000,0.170320100000,5.906034
590, 100000,0.188050100000,5.711027
591, 100000,0.221067100000,5.770447
592, 100000,0.176129100000,5.139269
593, 100000,0.161889100000,5.536195
594, 100000,0.185451100000,5.454937
595, 100000,0.219711100000,5.240053
596, 100000,0.165174100000,5.812708
597, 100000,0.134270100000,5.356875
598, 100000,0.255843100000,5.378199
599, 100000,0.168927100000,5.532404
600, 100000,0.187683100000,5.451291
601, 100000,0.244918100000,5.455996
602, 100000,0.191307100000,5.134865
603, 100000,0.190728100000,5.556989
604, 100000,0.170830100000,5.458675
605, 100000,0.170565100000,13.879422
606, 100000,0.275445100000,13.071676
607, 100000,0.432825100000,13.979366
608, 100000,0.153703100000,10.622257
609, 100000,0.213967100000,10.288500
610, 100000,0.188443100000,8.581979
611, 100000,0.219260100000,9.400382
612, 100000,0.178018100000,8.822619
613, 100000,0.227044100000,10.051970
614, 100000,0.104674100000,7.459885
615, 100000,0.140758100000,7.942131
616, 100000,0.288757100000,8.872505
617, 100000,0.336999100000,9.541399
618, 100000,0.407031100000,8.270384
619, 100000,0.195429100000,8.009494
620, 100000,0.224102100000,7.653096
621, 100000,0.219429100000,7.856966
622, 100000,0.130280100000,7.116857
623, 100000,0.234601100000,8.451771
624, 100000,0.105762100000,7.131666
625, 100000,0.245375100000,6.702523
626, 100000,0.353813100000,7.721323
627, 100000,0.281836100000,7.560235
628, 100000,0.161160100000,7.325071
629, 100000,0.225708100000,7.507230
630, 100000,0.366321100000,8.331193
631, 100000,0.294010100000,7.892032
632, 100000,0.095613100000,7.923248
633, 100000,0.275088100000,7.250629
634, 100000,0.154235100000,8.595019
635, 100000,0.222962100000,8.052846
636, 100000,0.145821100000,7.046465
637, 100000,0.155601100000,6.791079
638, 100000,0.316677100000,7.223606
639, 100000,0.173636100000,7.496509
640, 100000,0.290825100000,6.762391
641, 100000,0.237791100000,6.864169
642, 100000,0.262463100000,5.907030
643, 100000,0.207174100000,5.594014
644, 100000,0.244132100000,5.238117
645, 100000,0.117758100000,5.430008
646, 100000,0.168524100000,8.254333
647, 100000,0.205768100000,7.150166
648, 100000,0.273526100000,6.793634
649, 100000,0.274524100000,7.976729
650, 100000,0.205820100000,7.359927
651, 100000,0.231224100000,8.318413
652, 100000,0.208527100000,8.799418
653, 100000,0.221679100000,7.334776
654, 100000,0.365054100000,14.563433
655, 100000,0.123635100000,7.269964
656, 100000,0.180470100000,7.761592
657, 100000,0.223999100000,8.179039
658, 100000,0.170710100000,8.008799
659, 100000,0.203356100000,7.763117
660, 100000,0.232798100000,7.785584
661, 100000,0.217565100000,7.870579
662, 100000,0.343454100000,7.386126
663, 100000,0.205763100000,7.923860
664, 100000,0.246537100000,7.515849
665, 100000,0.196808100000,8.133354
666, 100000,0.164945100000,7.239437
667, 100000,0.230487100000,7.249104
668, 100000,0.258485100000,6.837050
669, 100000,0.326450100000,7.262891
670, 100000,0.240601100000,7.541239
671, 100000,0.230024100000,7.963921
672, 100000,0.224029100000,7.931505
673, 100000,0.127963100000,7.729357
674, 100000,0.215948100000,6.986857
675, 100000,0.287457100000,10.246597
676, 100000,0.253081100000,10.321687
677, 100000,0.266159100000,9.927218
678, 100000,0.247893100000,11.506549
679, 100000,0.252664100000,8.262697
680, 100000,0.151282100000,7.142483
681, 100000,0.158713100000,7.875309
682, 100000,0.209959100000,8.868924
683, 100000,0.226492100000,6.561839
684, 100000,0.228174100000,7.109281
685, 100000,0.208424100000,7.802647
686, 100000,0.190438100000,6.228185
687, 100000,0.126700100000,6.205935
688, 100000,0.553887100000,8.954485
689, 100000,0.205643100000,7.923223
690, 100000,0.170621100000,9.374348
691, 100000,0.167221100000,8.772191
692, 100000,0.214604100000,9.029444
693, 100000,0.217436100000,8.651546
694, 100000,0.167656100000,9.232548
695, 100000,0.183982100000,7.487733
696, 100000,0.231363100000,7.176755
697, 100000,0.297417100000,7.440121
698, 100000,0.299044100000,7.241298
699, 100000,0.268319100000,6.937823
700, 100000,0.129739100000,6.559409
701, 100000,0.143172100000,6.882176
702, 100000,0.203652100000,6.699416
703, 100000,0.161021100000,7.265675
704, 100000,0.114300100000,4.949253
705, 100000,0.162808100000,4.977860
706, 100000,0.135334100000,5.096346
707, 100000,0.117923100000,4.940816
708, 100000,0.197510100000,5.045987
709, 100000,0.128566100000,4.808311
710, 100000,0.116514100000,5.069436
711, 100000,0.128817100000,4.829407
712, 100000,0.163726100000,4.944149
713, 100000,0.231252100000,5.301343
714, 100000,0.089881100000,7.360520
715, 100000,0.206495100000,6.126156
716, 100000,0.174768100000,6.330247
717, 100000,0.142065100000,5.811957
718, 100000,0.192334100000,13.671996
719, 100000,0.169059100000,6.994696
720, 100000,0.164968100000,8.025174
721, 100000,0.336660100000,8.424212
722, 100000,0.215092100000,7.253390
723, 100000,0.151451100000,7.356362
724, 100000,0.173871100000,7.157471
725, 100000,0.256531100000,7.633794
726, 100000,0.310642100000,7.218827
727, 100000,0.216427100000,7.879097
728, 100000,0.239092100000,6.878336
729, 100000,0.154933100000,8.064984
730, 100000,0.128596100000,7.596171
731, 100000,0.249852100000,7.656884
732, 100000,0.254552100000,7.028203
733, 100000,0.230831100000,7.519295
734, 100000,0.120983100000,6.712273
735, 100000,0.199657100000,7.569695
736, 100000,0.293039100000,9.055592
737, 100000,0.213986100000,7.007875
738, 100000,0.224684100000,7.209046
739, 100000,0.231560100000,7.358476
740, 100000,0.248525100000,6.774030
741, 100000,0.219330100000,6.872478
742, 100000,0.286029100000,7.725397
743, 100000,0.310325100000,7.550067
744, 100000,0.222729100000,6.758316
745, 100000,0.195665100000,7.642391
746, 100000,0.228754100000,6.886010
747, 100000,0.212876100000,8.093758
748, 100000,0.252736100000,7.679788
749, 100000,0.293362100000,6.720621
750, 100000,0.343031100000,6.754858
751, 100000,0.301839100000,7.044748
752, 100000,0.241103100000,7.514672
753, 100000,0.204330100000,7.645219
754, 100000,0.203365100000,8.101139
755, 100000,0.265489100000,7.243100
756, 100000,0.318004100000,7.321978
757, 100000,0.224999100000,6.805025
758, 100000,0.242521100000,7.726869
759, 100000,0.215111100000,7.222837
760, 100000,0.332166100000,7.238800
761, 100000,0.208959100000,7.487080
762, 100000,0.215703100000,6.952783
763, 100000,0.259355100000,7.561630
764, 100000,0.257073100000,7.274140
765, 100000,0.274323100000,8.410261
766, 100000,0.253915100000,6.876879
767, 100000,0.219341100000,6.629082
768, 100000,0.245700100000,7.189098
769, 100000,0.327178100000,7.638477
770, 100000,0.307655100000,7.159346
771, 100000,0.198117100000,15.655867
772, 100000,0.229420100000,12.501347
773, 100000,0.338669100000,12.250394
774, 100000,0.203327100000,10.711046
775, 100000,0.279602100000,12.743650
776, 100000,0.969939100000,15.482094
777, 100000,0.351070100000,11.938538
778, 100000,0.812056100000,12.960608
779, 100000,0.480754100000,11.794515
780, 100000,0.162896100000,13.490163
781, 100000,0.275839100000,11.781200
782, 100000,0.425279100000,14.797820
783, 100000,0.282266100000,12.661129
784, 100000,0.325446100000,12.132681
785, 100000,0.187269100000,10.374087
786, 100000,0.340201100000,13.159814
787, 100000,0.271118100000,14.249237
788, 100000,0.210166100000,14.121144
789, 100000,0.174689100000,12.212887
790, 100000,0.389757100000,15.069730
791, 100000,0.274731100000,14.164368
792, 100000,0.244380100000,13.109016
793, 100000,1.060431100000,9.986224
794, 100000,0.349135100000,11.319548
795, 100000,0.327657100000,11.387179
796, 100000,0.256556100000,8.799130
797, 100000,0.104226100000,9.859336
798, 100000,0.164843100000,9.479988
799, 100000,0.166172100000,10.777543
800, 100000,0.165580100000,9.012668
801, 100000,0.231150100000,6.508046
802, 100000,0.692982100000,6.928599
803, 100000,0.425838100000,9.184685
804, 100000,0.362253100000,7.294848
805, 100000,0.270172100000,8.138976
806, 100000,0.262134100000,7.131518
807, 100000,0.316987100000,7.674551
808, 100000,0.312637100000,8.222407
809, 100000,0.205435100000,7.703666
810, 100000,0.372946100000,7.553102
811, 100000,0.267861100000,7.065324
812, 100000,0.244343100000,7.537443
813, 100000,0.228746100000,7.199369
814, 100000,0.279738100000,7.026300
815, 100000,0.282906100000,6.932193
816, 100000,0.182646100000,8.074566
817, 100000,0.240561100000,7.682209
818, 100000,0.220831100000,7.577583
819, 100000,0.267918100000,10.622001
820, 100000,0.386447100000,7.298729
821, 100000,0.299289100000,7.084532
822, 100000,0.234892100000,7.608483
823, 100000,0.266472100000,6.907224
824, 100000,0.246076100000,7.697690
825, 100000,0.160950100000,7.952298
826, 100000,0.129908100000,7.358967
827, 100000,0.205196100000,7.573286
828, 100000,0.237561100000,7.241946
829, 100000,0.234519100000,7.451197
830, 100000,0.309047100000,7.841843
831, 100000,0.202801100000,7.035425
832, 100000,0.222267100000,8.721170
833, 100000,0.191717100000,8.215109
834, 100000,0.272919100000,7.848668
835, 100000,0.376294100000,7.291336
836, 100000,0.249514100000,7.695339
837, 100000,0.253886100000,7.879447
838, 100000,0.412243100000,6.919442
839, 100000,0.309825100000,7.188919
840, 100000,0.254509100000,7.549396
841, 100000,0.251362100000,7.388997
842, 100000,0.330277100000,7.619698
843, 100000,0.351727100000,8.137558
844, 100000,0.200327100000,7.662226
845, 100000,0.171957100000,7.418387
846, 100000,0.327823100000,7.746880
847, 100000,0.329200100000,7.229697
848, 100000,0.269373100000,6.881173
849, 100000,0.275409100000,7.792601
850, 100000,0.222320100000,8.932607
851, 100000,0.255583100000,7.173631
852, 100000,0.239571100000,7.421597
853, 100000,0.383659100000,7.133406
854, 100000,0.247575100000,7.854430
855, 100000,0.232543100000,7.013798
856, 100000,0.332584100000,6.860695
857, 100000,0.262716100000,7.025365
858, 100000,0.249327100000,8.529929
859, 100000,0.221263100000,7.939969
860, 100000,0.273245100000,7.489301
861, 100000,0.347773100000,7.450077
862, 100000,0.360078100000,7.287790
863, 100000,0.161037100000,8.791791
864, 100000,0.279524100000,7.687588
865, 100000,0.276673100000,8.029819
866, 100000,0.394085100000,7.057564
867, 100000,0.239430100000,8.085433
868, 100000,0.232500100000,6.930125
869, 100000,0.138201100000,6.845524
870, 100000,0.300474100000,7.362178
871, 100000,0.267821100000,7.633215
872, 100000,0.244271100000,6.941627
873, 100000,0.261821100000,6.661837
874, 100000,0.146307100000,10.559723
875, 100000,0.296483100000,8.263421
876, 100000,0.220353100000,7.398966
877, 100000,0.177269100000,5.089754
878, 100000,0.161643100000,5.130031
879, 100000,0.200382100000,4.891351
880, 100000,0.427248100000,10.041170
881, 100000,0.252583100000,7.649337
882, 100000,0.289720100000,6.881824
883, 100000,0.257592100000,8.888823
884, 100000,0.256621100000,8.747007
885, 100000,0.235900100000,8.132303
886, 100000,0.335032100000,7.872512
887, 100000,0.217487100000,6.861721
888, 100000,0.275196100000,7.956047
889, 100000,0.273586100000,7.688945
890, 100000,0.265862100000,7.539752
891, 100000,0.231850100000,7.594230
892, 100000,0.254242100000,7.810293
893, 100000,0.262031100000,7.856531
894, 100000,0.192822100000,6.785400
895, 100000,0.821668100000,7.710216
896, 100000,0.389950100000,7.946797
897, 100000,0.261944100000,7.326088
898, 100000,0.312760100000,6.850216
899, 100000,0.448423100000,7.697278
900, 100000,0.257577100000,7.166494
901, 100000,0.252312100000,7.484291
902, 100000,0.257526100000,7.637217
903, 100000,0.282155100000,8.546793
904, 100000,0.396783100000,6.393546
905, 100000,0.400862100000,8.073322
906, 100000,0.291650100000,8.187936
907, 100000,0.378228100000,7.348071
908, 100000,0.267819100000,6.844103
909, 100000,0.348931100000,7.379582
910, 100000,0.224126100000,7.939668
911, 100000,0.218229100000,7.188610
912, 100000,0.232803100000,6.702668
913, 100000,0.344022100000,7.325016
914, 100000,0.272055100000,7.350516
915, 100000,0.247766100000,7.874774
916, 100000,0.269856100000,7.690756
917, 100000,0.236457100000,7.787318
918, 100000,0.264985100000,6.988569
919, 100000,0.269153100000,7.560279
920, 100000,0.174850100000,6.783595
921, 100000,0.314861100000,6.829281
922, 100000,0.302190100000,7.566996
923, 100000,0.287184100000,6.550694
924, 100000,0.300067100000,6.903321
925, 100000,0.180200100000,6.928720
926, 100000,0.141199100000,6.584093
927, 100000,0.236398100000,7.892640
928, 100000,0.293902100000,6.062088
929, 100000,0.388726100000,7.001897
930, 100000,0.232151100000,6.431762
931, 100000,0.359943100000,8.413687
932, 100000,0.291857100000,6.919778
933, 100000,0.329325100000,6.163474
934, 100000,0.251777100000,6.021911
935, 100000,0.278192100000,5.651121
936, 100000,0.252224100000,5.955331
937, 100000,0.284804100000,6.485314
938, 100000,0.282069100000,6.834939
939, 100000,0.237065100000,6.005104
940, 100000,0.776085100000,4.460405
941, 100000,0.261972100000,9.155035
942, 100000,0.667525100000,5.643016
943, 100000,0.537338100000,9.342880
944, 100000,0.280874100000,8.442164
945, 100000,0.288555100000,7.181789
946, 100000,0.257018100000,6.331530
947, 100000,0.264527100000,6.102445
948, 100000,0.309860100000,6.310452
949, 100000,0.290415100000,6.612027
950, 100000,0.247053100000,6.125033
951, 100000,0.283747100000,7.122668
952, 100000,0.175251100000,5.704809
953, 100000,0.248294100000,6.583568
954, 100000,0.283213100000,6.133969
955, 100000,0.716420100000,5.851897
956, 100000,0.263597100000,6.697972
957, 100000,0.300819100000,5.735918
958, 100000,0.281024100000,5.987330
959, 100000,0.216015100000,6.692504
960, 100000,0.235065100000,6.336841
961, 100000,0.214285100000,6.363505
962, 100000,0.274318100000,6.146673
963, 100000,0.431562100000,5.945076
964, 100000,0.264352100000,6.437406
965, 100000,0.190260100000,5.900023
966, 100000,0.389693100000,6.188431
967, 100000,0.140481100000,5.790770
968, 100000,0.220157100000,6.280064
969, 100000,0.244449100000,5.452596
970, 100000,0.321979100000,6.283122
971, 100000,0.170443100000,6.749147
972, 100000,0.281480100000,6.248851
973, 100000,0.505304100000,6.008539
974, 100000,0.289804100000,6.746872
975, 100000,0.272573100000,6.750611
976, 100000,0.286616100000,6.031664
977, 100000,0.251409100000,7.068585
978, 100000,0.309112100000,6.477191
979, 100000,0.252628100000,6.409318
980, 100000,0.206100100000,6.236021
981, 100000,0.323802100000,6.377364
982, 100000,0.163196100000,6.490764
983, 100000,0.154882100000,6.145594
984, 100000,0.253196100000,6.009546
985, 100000,0.378828100000,6.055289
986, 100000,0.169909100000,7.386410
987, 100000,0.205201100000,7.536671
988, 100000,0.225271100000,6.412660
989, 100000,0.169067100000,7.327720
990, 100000,0.225412100000,4.535117
991, 100000,0.209078100000,4.516457
992, 100000,0.222764100000,4.371037
993, 100000,0.239027100000,4.045677
994, 100000,0.232032100000,4.042983
995, 100000,0.184408100000,4.284712
996, 100000,0.315631100000,4.262760
997, 100000,0.232394100000,4.160277
998, 100000,0.266176100000,4.096040
999, 100000,0.209655100000,4.212614
1000, 100000,0.198026100000,4.068293
